x, y, th, stamp, 
-1.867981712167679,-0.4837895954343397,geometry_msgs.msg.Quaternion(x=-0.0004771263961421052, y=0.0028287593967685175, z=0.1820530327640451, w=0.9832845283701412),28390000000
-1.8679817196909727,-0.4837895989814888,geometry_msgs.msg.Quaternion(x=-0.0004770307635514326, y=0.0028282546937442657, z=0.18205302837483195, w=0.9832845306810185),28424000000
-1.8679817279588944,-0.48378960188357606,geometry_msgs.msg.Quaternion(x=-0.0004769304275742191, y=0.0028277244589599657, z=0.18205302518407446, w=0.9832845328454415),28458000000
-1.8669036360341464,-0.48337639178632463,geometry_msgs.msg.Quaternion(x=-0.0004677432314909328, y=0.0027813623929997346, z=0.1820415287262907, w=0.9832867979681734),28492000000
-1.864746535122253,-0.4825498338299552,geometry_msgs.msg.Quaternion(x=-0.00044874194768978164, y=0.002694260688257136, z=0.18200777647996805, w=0.983293297491052),28526000000
-1.8615104900740331,-0.48130943773794244,geometry_msgs.msg.Quaternion(x=-0.00042068288280325316, y=0.00257747014934587, z=0.1819795636350946, w=0.9832988447530698),28560000000
-1.8571954591324182,-0.4796559146023559,geometry_msgs.msg.Quaternion(x=-0.0003841340958540985, y=0.0024333070451709594, z=0.1819532636442547, w=0.9833040940151854),28594000000
-1.851801358153257,-0.47758931002160887,geometry_msgs.msg.Quaternion(x=-0.00033934697171348797, y=0.0022618684089297904, z=0.1819225640879136, w=0.9833102000236816),28628000000
-1.8453281362765008,-0.4751097684223964,geometry_msgs.msg.Quaternion(x=-0.0002866148848897187, y=0.002063300075690151, z=0.18189194183228757, w=0.9833163184556559),28662000000
-1.8377757585437553,-0.472217387158012,geometry_msgs.msg.Quaternion(x=-0.00022621828235009584, y=0.001837754491379243, z=0.18186378071709094, w=0.9833219903709081),28696000000
-1.829144170038203,-0.4689122614928188,geometry_msgs.msg.Quaternion(x=-0.00015841878263862805, y=0.0015853909385001898, z=0.18183494846169074, w=0.9833277749341751),28730000000
-1.8194333093711725,-0.4651945318112645,geometry_msgs.msg.Quaternion(x=-8.348388346798963e-05, y=0.0013063707104336232, z=0.18180488948326437, w=0.9833337523882654),28764000000
-1.808643129025993,-0.461064328552158,geometry_msgs.msg.Quaternion(x=-1.6813677292880472e-06, y=0.0010008579873614766, z=0.18177549090386028, w=0.9833395492845403),28798000000
-1.796773583860437,-0.4565217556250625,geometry_msgs.msg.Quaternion(x=8.673299771022888e-05, y=0.0006690223723019089, z=0.18174657198148, w=0.9833451725917167),28832000000
-1.7838246183112871,-0.4515669340373273,geometry_msgs.msg.Quaternion(x=0.00018151020901931836, y=0.00031103781259365687, z=0.1817170990390702, w=0.9833507849319836),28866000000
-1.7697961765991146,-0.44620000113456904,geometry_msgs.msg.Quaternion(x=0.0002824046605916325, y=-7.291834741569888e-05, z=0.1816874119521144, w=0.9833562931454016),28900000000
-1.7552107882810197,-0.44060217367350435,geometry_msgs.msg.Quaternion(x=0.0003851670271855858, y=-0.0004618137208394618, z=0.18347803164064236, w=0.9830236265114505),28934000000
-1.7401664858707602,-0.43467745039880257,geometry_msgs.msg.Quaternion(x=0.0004944928603155214, y=-0.0008538256826305226, z=0.19048331261634455, w=0.9816899378486156),28968000000
-1.7247144025301073,-0.42825171814089236,geometry_msgs.msg.Quaternion(x=0.0006198251033768543, y=-0.001247684422700946, z=0.20155948024465273, w=0.9794752855605536),29002000000
-1.7092318613458626,-0.4213662573140817,geometry_msgs.msg.Quaternion(x=0.0007636558927530824, y=-0.0016272294869272292, z=0.21380950310318228, w=0.9768737202610399),29036000000
-1.6939207631092839,-0.4141016324259186,geometry_msgs.msg.Quaternion(x=0.0009238867880077821, y=-0.0019834503731579133, z=0.22540200033008317, w=0.9742633887224836),29070000000
-1.6787811860928055,-0.4064822173706028,geometry_msgs.msg.Quaternion(x=0.0010983058359051144, y=-0.002316743006535743, z=0.23663724588028567, w=0.9715946893063618),29104000000
-1.6638261114397308,-0.39850945688246037,geometry_msgs.msg.Quaternion(x=0.0012854496894989056, y=-0.002627647647719215, z=0.2482680880736847, w=0.968686946093098),29138000000
-1.649068199101756,-0.3901773257109326,geometry_msgs.msg.Quaternion(x=0.0014821523397682208, y=-0.002916772531198902, z=0.2599376963629838, w=0.9656198473892034),29172000000
-1.6345122521048765,-0.38149465455221876,geometry_msgs.msg.Quaternion(x=0.0016864145393935752, y=-0.003184482826774987, z=0.27131369264383914, w=0.9624842311742523),29206000000
-1.6201655052664994,-0.3724718066067964,geometry_msgs.msg.Quaternion(x=0.00189777158785377, y=-0.003423329427046594, z=0.2826759596341907, w=0.9592074755356756),29240000000
-1.6060380028888306,-0.3631100414519032,geometry_msgs.msg.Quaternion(x=0.0021158304521798794, y=-0.00362626729565555, z=0.29413151126909487, w=0.9557557363288786),29274000000
-1.5921377862460517,-0.35341286238165587,geometry_msgs.msg.Quaternion(x=0.0023385122283856, y=-0.003793722616760777, z=0.3054941465752086, w=0.952183525081982),29308000000
-1.578471115890474,-0.3433878823455289,geometry_msgs.msg.Quaternion(x=0.0025617356385078793, y=-0.0039270918219511935, z=0.31675355421158513, w=0.9484962843125263),29342000000
-1.56849214258187,-0.33658033592190756,geometry_msgs.msg.Quaternion(x=0.003115622441108801, y=-0.004100377074219367, z=0.32835258472905055, w=0.9445411901586956),29376000000
-1.5641215528619736,-0.3351124343232567,geometry_msgs.msg.Quaternion(x=0.004168441858883338, y=-0.004372016989549245, z=0.3405465691600127, w=0.9402082449081465),29410000000
-1.5599984271130076,-0.33365515438165966,geometry_msgs.msg.Quaternion(x=0.006114880431182011, y=-0.005086603732190031, z=0.3543961319078109, w=0.9350615575396977),29444000000
-1.5576272012602144,-0.3346916775026654,geometry_msgs.msg.Quaternion(x=0.008217866507350895, y=-0.005808530815583827, z=0.3683062624631645, w=0.9296500549509189),29478000000
-1.5509484174913473,-0.32955293416067805,geometry_msgs.msg.Quaternion(x=0.011110885389732665, y=-0.007066977425159176, z=0.38421645891176115, w=0.9231491313743599),29512000000
-1.5483300133120774,-0.33081935629425896,geometry_msgs.msg.Quaternion(x=0.014452551545548475, y=-0.008391737045187543, z=0.40055458171737873, w=0.9161204776493119),29546000000
-1.5423868393106759,-0.325922048418993,geometry_msgs.msg.Quaternion(x=0.017947291556194414, y=-0.009914287316109032, z=0.41744062379328256, w=0.9084728544320331),29580000000
-1.5391897181451966,-0.3252139093878747,geometry_msgs.msg.Quaternion(x=0.022447644244636536, y=-0.011803684265805204, z=0.43609524590904586, w=0.8995430577805313),29614000000
-1.5353164792471148,-0.3252487442088587,geometry_msgs.msg.Quaternion(x=0.026988184526063833, y=-0.013681844696187937, z=0.45453457867403313, w=0.8902150087542422),29648000000
-1.5299642581082225,-0.31985747366774475,geometry_msgs.msg.Quaternion(x=0.03214755151936795, y=-0.015992423437731003, z=0.47625833642678683, w=0.8785720086070847),29682000000
-1.52469811421776,-0.31703245534437485,geometry_msgs.msg.Quaternion(x=0.03848488572537001, y=-0.018947682724703187, z=0.50507517262427, w=0.8620086826062907),29716000000
-1.5192374853467028,-0.3133597916887975,geometry_msgs.msg.Quaternion(x=0.04587555263943033, y=-0.022102967835461357, z=0.5381464050721859, w=0.8413116777929415),29750000000
-1.5171851179889961,-0.30980725420794647,geometry_msgs.msg.Quaternion(x=0.05517262241084639, y=-0.02529004353313776, z=0.5775406932988879, w=0.8141026612278344),29784000000
-1.5220587394198568,-0.30660994224722093,geometry_msgs.msg.Quaternion(x=0.06445683497303839, y=-0.02815878209068363, z=0.6166943066698661, w=0.7840539085658594),29818000000
-1.5325486116149176,-0.3111278236000057,geometry_msgs.msg.Quaternion(x=0.07289360792077201, y=-0.030616455808297274, z=0.6539221896084607, w=0.7524193807283992),29852000000
-1.5429455640408727,-0.31728319436983415,geometry_msgs.msg.Quaternion(x=0.08049767194970531, y=-0.03284608155855076, z=0.6895646968737229, w=0.7189866400444289),29886000000
-1.5527142004751306,-0.32443214160284234,geometry_msgs.msg.Quaternion(x=0.0872648177192276, y=-0.034886187461338855, z=0.7235653000496929, w=0.683828240186701),29920000000
-1.5617595660668275,-0.3324963466934822,geometry_msgs.msg.Quaternion(x=0.0931796371682632, y=-0.03676523893004502, z=0.7558569976819907, w=0.647028648112875),29954000000
-1.569998559209996,-0.3413963983569447,geometry_msgs.msg.Quaternion(x=0.09823422270995905, y=-0.03850679293309467, z=0.786372210295117, w=0.6086756207226885),29988000000
-1.5773543655008953,-0.3510450959061863,geometry_msgs.msg.Quaternion(x=0.10242396356692629, y=-0.040132054379944604, z=0.8150386333159092, w=0.5688679777426578),30022000000
-1.583687883969833,-0.36127256394494234,geometry_msgs.msg.Quaternion(x=0.10574885813286033, y=-0.04166279894714524, z=0.8417820302252578, w=0.5277162151927202),30056000000
-1.5884899660363658,-0.3713803542389984,geometry_msgs.msg.Quaternion(x=0.10823356668447062, y=-0.0431186177211845, z=0.8665410203938808, w=0.48531735990308933),30090000000
-1.5914989060434035,-0.3809932055967648,geometry_msgs.msg.Quaternion(x=0.1098945514607127, y=-0.04451479011061755, z=0.8892625984046111, w=0.4417619858015583),30124000000
-1.5930012746028321,-0.3897736039316183,geometry_msgs.msg.Quaternion(x=0.11076301494626956, y=-0.045848959092489365, z=0.9098933107612955, w=0.3971442943087512),30158000000
-1.5956703523267617,-0.3933136569638241,geometry_msgs.msg.Quaternion(x=0.11102414509800188, y=-0.046966869872266545, z=0.9283187580705419, w=0.35169878554528183),30192000000
-1.6045323547431234,-0.395531550485219,geometry_msgs.msg.Quaternion(x=0.11084935914982855, y=-0.04738423870735398, z=0.9443967623820908, w=0.30591160275547163),30226000000
-1.614583768521683,-0.39929728115120716,geometry_msgs.msg.Quaternion(x=0.11011688153046449, y=-0.047079719384260144, z=0.9582646456392536, w=0.25958937062711357),30260000000
-1.6248559265662534,-0.40448316365935205,geometry_msgs.msg.Quaternion(x=0.10877444827269321, y=-0.04605227818322477, z=0.9699325235381385, w=0.21278676382718104),30294000000
-1.6348293391448745,-0.410901140885824,geometry_msgs.msg.Quaternion(x=0.10678981856264891, y=-0.04433259963535533, z=0.9793967250388104, w=0.16556753982644354),30328000000
-1.6441625445482726,-0.4182147562341978,geometry_msgs.msg.Quaternion(x=0.104139528044101, y=-0.04195783550574122, z=0.9866463638411967, w=0.1179976756439281),30362000000
-1.652771640346975,-0.4263601923939027,geometry_msgs.msg.Quaternion(x=0.10080411474402244, y=-0.03894241671948407, z=0.9916641585828235, w=0.0701727526390465),30396000000
-1.6605731565804294,-0.43526205579501187,geometry_msgs.msg.Quaternion(x=0.09676382227133373, y=-0.03531009389756255, z=0.9944327189250413, w=0.022215478832046713),30430000000
-1.667491201651312,-0.4448375783195748,geometry_msgs.msg.Quaternion(x=0.09200053277115176, y=-0.031099979657899207, z=0.9949402708359036, w=-0.025740060296765628),30464000000
-1.6734598625948962,-0.45499955774498557,geometry_msgs.msg.Quaternion(x=0.08650115969746647, y=-0.026362606359480303, z=0.993181732177213, w=-0.07357043717689522),30498000000
-1.678321226943105,-0.46554288359804774,geometry_msgs.msg.Quaternion(x=0.08025974936139839, y=-0.02115957093129669, z=0.9891559561734601, w=-0.12116575240973396),30532000000
-1.6814215308199583,-0.47567970472667187,geometry_msgs.msg.Quaternion(x=0.07327274903964885, y=-0.015587497089395018, z=0.9828656277363778, w=-0.1684140492863841),30566000000
-1.6824087982867881,-0.48496549897711244,geometry_msgs.msg.Quaternion(x=0.0655546821072284, y=-0.009729757158448576, z=0.9743259021476474, w=-0.21516726489787216),30600000000
-1.680598532032543,-0.49256508339455346,geometry_msgs.msg.Quaternion(x=0.057130519284734727, y=-0.003684491475006596, z=0.9635640301810122, w=-0.26127932951183225),30634000000
-1.6826529241347699,-0.5012941683065253,geometry_msgs.msg.Quaternion(x=0.04813530731078894, y=0.002500821105943451, z=0.9507442727414825, w=-0.30620592080030323),30668000000
-1.6973542844748846,-0.5124761650036663,geometry_msgs.msg.Quaternion(x=0.03903767365672282, y=0.008863346390841687, z=0.93612354918602, w=-0.34938546304274887),30702000000
-1.7085601152768672,-0.5227573786993381,geometry_msgs.msg.Quaternion(x=0.029591260260257966, y=0.015427436855698383, z=0.9196963393631654, w=-0.39120965590111206),30736000000
-1.7164215841570811,-0.5315643464362543,geometry_msgs.msg.Quaternion(x=0.02010656122216903, y=0.02169033480905782, z=0.9017195211819277, w=-0.4313086605797816),30770000000
-1.7236588262562662,-0.5411498625834817,geometry_msgs.msg.Quaternion(x=0.010817411066946014, y=0.027578806217450687, z=0.8819444516698967, w=-0.47042148891617847),30804000000
-1.7300137883006514,-0.5512834972018317,geometry_msgs.msg.Quaternion(x=0.0017436686431335393, y=0.033104403063327896, z=0.8604428163243887, w=-0.50846751907397),30838000000
-1.735447531322299,-0.5618623008231519,geometry_msgs.msg.Quaternion(x=-0.007097226051328974, y=0.038274414069482406, z=0.8372752991415763, w=-0.5453941437688878),30872000000
-1.7399767393514922,-0.572889338855163,geometry_msgs.msg.Quaternion(x=-0.015621312903757496, y=0.04308463648013779, z=0.8125292484039189, w=-0.5811160892375118),30906000000
-1.7435622473593222,-0.5842886177165435,geometry_msgs.msg.Quaternion(x=-0.023808638707819584, y=0.047549533745321594, z=0.7862795997174432, w=-0.6155782498039222),30940000000
-1.746169490653008,-0.5959796766609036,geometry_msgs.msg.Quaternion(x=-0.0316432306875029, y=0.05168169999186965, z=0.7586081814811397, w=-0.6487228490098725),30974000000
-1.7477697040575921,-0.6078780107727404,geometry_msgs.msg.Quaternion(x=-0.03910439601267283, y=0.05548634282200707, z=0.729597420126371, w=-0.6804996080216847),31008000000
-1.7483400133396179,-0.6198940471464827,geometry_msgs.msg.Quaternion(x=-0.04616832504188361, y=0.058967498535130836, z=0.6993207800701172, w=-0.710873945535676),31042000000
-1.747865516644025,-0.6319334762255717,geometry_msgs.msg.Quaternion(x=-0.05281453590337214, y=0.06213516440286395, z=0.6678423183313157, w=-0.739821927214782),31076000000
-1.7463404449636717,-0.6439012279453715,geometry_msgs.msg.Quaternion(x=-0.05903133065967373, y=0.06500612423505063, z=0.6352282330111724, w=-0.7673164912850426),31110000000
-1.7437675243742585,-0.6557042227696265,geometry_msgs.msg.Quaternion(x=-0.06481327494042854, y=0.06759716121085232, z=0.6015584001039396, w=-0.7933204613850061),31144000000
-1.7401574396260355,-0.6672511282041538,geometry_msgs.msg.Quaternion(x=-0.07015225705136195, y=0.0699184410073765, z=0.5669237276839124, w=-0.8177943258709215),31178000000
-1.7355291726935054,-0.6784503587766013,geometry_msgs.msg.Quaternion(x=-0.07503199764235755, y=0.0719749361946473, z=0.5314100804610278, w=-0.8407098989984462),31212000000
-1.7299120466623041,-0.6892083370672331,geometry_msgs.msg.Quaternion(x=-0.07943284282769292, y=0.07377415742223735, z=0.4950853311804535, w=-0.8620547036162444),31246000000
-1.7233463177427941,-0.6994326991738691,geometry_msgs.msg.Quaternion(x=-0.08334200307058184, y=0.0753311053770829, z=0.45800439791833114, w=-0.8818227183364676),31280000000
-1.7158809336772387,-0.7090367828631859,geometry_msgs.msg.Quaternion(x=-0.08675773078908526, y=0.07666489436866754, z=0.42022779793442677, w=-0.9000023266430771),31314000000
-1.7075715079051563,-0.7179419941048742,geometry_msgs.msg.Quaternion(x=-0.08968241157359513, y=0.0777913701849239, z=0.38183405798021486, w=-0.916574230461155),31348000000
-1.6984799835789077,-0.7260772787899883,geometry_msgs.msg.Quaternion(x=-0.09211248354401577, y=0.07872042021970595, z=0.34291251689312197, w=-0.9315199362191936),31382000000
-1.6889095379978416,-0.7332097571159156,geometry_msgs.msg.Quaternion(x=-0.09404782528004307, y=0.0793232826774149, z=0.3035626287912987, w=-0.9448346700807975),31416000000
-1.6788953153106716,-0.7393448797722972,geometry_msgs.msg.Quaternion(x=-0.09561852717921421, y=0.0794528718927949, z=0.2638073280333267, w=-0.956530204480748),31450000000
-1.6685536840781292,-0.7444431028938939,geometry_msgs.msg.Quaternion(x=-0.09680264664013016, y=0.07898844074184745, z=0.22369895067758763, w=-0.9666172217058747),31484000000
-1.6577002166061563,-0.7486043927857434,geometry_msgs.msg.Quaternion(x=-0.09761626320607421, y=0.0779152832341565, z=0.1833463194417019, w=-0.9750817406471135),31518000000
-1.6463490627816346,-0.7519647721389053,geometry_msgs.msg.Quaternion(x=-0.09804834591466953, y=0.07621391889635698, z=0.14289733706300736, w=-0.9819156335908692),31552000000
-1.6349173902947094,-0.7543288926166802,geometry_msgs.msg.Quaternion(x=-0.09808454661253194, y=0.07385805399801156, z=0.10253221224779008, w=-0.9871228672394411),31586000000
-1.6303778860716807,-0.7523330727547244,geometry_msgs.msg.Quaternion(x=-0.09775725524853784, y=0.07067975412016707, z=0.06273624972732819, w=-0.9907129020932022),31620000000
-1.6345117207147495,-0.7440047772439272,geometry_msgs.msg.Quaternion(x=-0.09710530441603213, y=0.06665516445126306, z=0.023553169297093446, w=-0.9927602415096543),31654000000
-1.6394651219566263,-0.7364691639949942,geometry_msgs.msg.Quaternion(x=-0.0959475110873829, y=0.06201223426954277, z=-0.015288143610448808, w=-0.9933352055484502),31688000000
-1.6445404352606938,-0.7330507485998777,geometry_msgs.msg.Quaternion(x=-0.09416401772711293, y=0.05681350541133967, z=-0.05352669537823559, w=-0.992491942662634),31722000000
-1.6396169741678168,-0.7306204699635321,geometry_msgs.msg.Quaternion(x=-0.0918249891868184, y=0.05132992002803561, z=-0.0915771091794597, w=-0.9902257539294207),31756000000
-1.6273915158678411,-0.7273279011888872,geometry_msgs.msg.Quaternion(x=-0.08895814071012934, y=0.04556549239108055, z=-0.12928339403651928, w=-0.986557671467286),31790000000
-1.6155003390308063,-0.7231272116815786,geometry_msgs.msg.Quaternion(x=-0.08555185406260375, y=0.0394131436013339, z=-0.16626556611055712, w=-0.981571824118769),31824000000
-1.6038540820408838,-0.7180900743643076,geometry_msgs.msg.Quaternion(x=-0.08160047085222379, y=0.03292601028088634, z=-0.2026820410393281, w=-0.9752831543935384),31858000000
-1.5922453678206743,-0.712036297503044,geometry_msgs.msg.Quaternion(x=-0.07714248798902616, y=0.026246747943533343, z=-0.238736617176563, w=-0.9676595333010174),31892000000
-1.5809920401101003,-0.7051149607240164,geometry_msgs.msg.Quaternion(x=-0.07221422370411414, y=0.019566108514086453, z=-0.27437472481822833, w=-0.9587078719158141),31926000000
-1.570240402067155,-0.697410541537509,geometry_msgs.msg.Quaternion(x=-0.06680305524118553, y=0.013036724434668091, z=-0.309519374511575, w=-0.9484540855668349),31960000000
-1.5600494386839903,-0.6889658342863908,geometry_msgs.msg.Quaternion(x=-0.06093789239044851, y=0.006677037320695472, z=-0.34413233071145427, w=-0.9369177815596896),31994000000
-1.5504687629282283,-0.679826193136978,geometry_msgs.msg.Quaternion(x=-0.05464344381725512, y=0.0005059927502320656, z=-0.3781779054368538, w=-0.9241186665458725),32028000000
-1.5415430539766106,-0.6700379923090692,geometry_msgs.msg.Quaternion(x=-0.047942288734929596, y=-0.0054590275064635915, z=-0.4116080722238825, w=-0.9100827054997142),32062000000
-1.5333117582948939,-0.6596479509412515,geometry_msgs.msg.Quaternion(x=-0.04085071450337364, y=-0.011200096414409319, z=-0.4443627361840351, w=-0.8948449785610407),32096000000
-1.525811069396506,-0.6487049492557508,geometry_msgs.msg.Quaternion(x=-0.03337772464954565, y=-0.01669542139935847, z=-0.4763854672833, w=-0.8784441228460631),32130000000
-1.5190756657222984,-0.6372622192906192,geometry_msgs.msg.Quaternion(x=-0.025532343275228433, y=-0.021920687180657553, z=-0.5076374427264637, w=-0.8609133578139787),32164000000
-1.5131375172609414,-0.6253770263911461,geometry_msgs.msg.Quaternion(x=-0.017331845903599045, y=-0.026854392209066248, z=-0.5380940110141046, w=-0.8422786261371046),32198000000
-1.5080240855153584,-0.6131075476178943,geometry_msgs.msg.Quaternion(x=-0.008802076559919433, y=-0.03148123772661447, z=-0.5677277013217197, w=-0.8225671475760443),32232000000
-1.503757424302345,-0.6005104622719524,geometry_msgs.msg.Quaternion(x=3.019918981250825e-05, y=-0.03578943624164829, z=-0.5964967642945124, w=-0.8018171397068603),32266000000
-1.5003552900434058,-0.5876416355793297,geometry_msgs.msg.Quaternion(x=0.00914442986060457, y=-0.03976481725876289, z=-0.6243511980858838, w=-0.7800773808793734),32300000000
-1.4978325093191012,-0.5745583718970216,geometry_msgs.msg.Quaternion(x=0.0185255707730652, y=-0.04338847262943267, z=-0.6512487207389581, w=-0.7573964268507527),32334000000
-1.4962005668539582,-0.5613214068266359,geometry_msgs.msg.Quaternion(x=0.028157233344875257, y=-0.04664065770147184, z=-0.6771627968409005, w=-0.7338135770303967),32368000000
-1.495403654117227,-0.5474132444247,geometry_msgs.msg.Quaternion(x=0.03786231091276517, y=-0.04966578157275403, z=-0.7005073748354247, w=-0.7109072888600134),32402000000
-1.4954724923756972,-0.5321965115981935,geometry_msgs.msg.Quaternion(x=0.04715846508895988, y=-0.0529799680039462, z=-0.7176135073138219, w=-0.6928203636452306),32436000000
-1.496285407096136,-0.5153090336125463,geometry_msgs.msg.Quaternion(x=0.055806410554142614, y=-0.05686932057742923, z=-0.7268249651505266, w=-0.6821854549549263),32470000000
-1.4974663538923734,-0.4981902672270853,geometry_msgs.msg.Quaternion(x=0.06400251483083176, y=-0.06116395863297675, z=-0.7311412265905688, w=-0.6764577998953898),32504000000
-1.4989052516782801,-0.4811102263802586,geometry_msgs.msg.Quaternion(x=0.07233468385751553, y=-0.06519897299573388, z=-0.7385595195805227, w=-0.6671181480581402),32538000000
-1.5007808324129714,-0.4640790361858251,geometry_msgs.msg.Quaternion(x=0.08066555157204616, y=-0.0691169798308398, z=-0.7473398953474412, w=-0.6558955653994901),32572000000
-1.503110812345165,-0.44709521450772644,geometry_msgs.msg.Quaternion(x=0.08864850010899092, y=-0.0733074160047232, z=-0.7537480676056938, w=-0.6470172461131305),32606000000
-1.5056043102180483,-0.43041076829511304,geometry_msgs.msg.Quaternion(x=0.09632861537621991, y=-0.07762845762347449, z=-0.7595169339103965, w=-0.6386146314719473),32640000000
-1.5080298681151552,-0.41418613559126133,geometry_msgs.msg.Quaternion(x=0.10359221231795684, y=-0.08207559861050333, z=-0.7653176182910962, w=-0.6299374514926405),32674000000
-1.5075851542902277,-0.4064465302912173,geometry_msgs.msg.Quaternion(x=0.11055087885774652, y=-0.08675730704343367, z=-0.7712237693764193, w=-0.6208587362735413),32708000000
-1.5071601729675266,-0.4045762346373886,geometry_msgs.msg.Quaternion(x=0.11712579292551951, y=-0.091688395301231, z=-0.7771968645176514, w=-0.6114244193541709),32742000000
-1.5061757786530008,-0.40483720259001266,geometry_msgs.msg.Quaternion(x=0.12343003396502636, y=-0.09660443104555758, z=-0.7830040695306577, w=-0.6019445470441489),32776000000
-1.505030026271075,-0.4059000643604672,geometry_msgs.msg.Quaternion(x=0.1297828140026188, y=-0.10106228292243824, z=-0.7886325329190454, w=-0.5924538498328433),32810000000
-1.5038722047888298,-0.4069336584359642,geometry_msgs.msg.Quaternion(x=0.13617952892257093, y=-0.10504189037422934, z=-0.7941041857026585, w=-0.5829407168988564),32844000000
-1.5027034854177042,-0.4079393443641814,geometry_msgs.msg.Quaternion(x=0.14261916654038193, y=-0.10854255440092672, z=-0.7994223467123925, w=-0.5734127647657488),32878000000
-1.5015247068879933,-0.4089197108085027,geometry_msgs.msg.Quaternion(x=0.14909993084001177, y=-0.1115663392602957, z=-0.8045922109454794, w=-0.5638736885628068),32912000000
-1.5003363961153144,-0.4098766134116141,geometry_msgs.msg.Quaternion(x=0.15561871228412907, y=-0.1141157824122956, z=-0.8096182089022561, w=-0.5543273044017963),32946000000
-1.4991394579377488,-0.410811238732551,geometry_msgs.msg.Quaternion(x=0.1621714555799091, y=-0.11619524483977073, z=-0.8145016421553787, w=-0.5447808357476528),32980000000
-1.4979351633431206,-0.4117243461167339,geometry_msgs.msg.Quaternion(x=0.16875505825880655, y=-0.1178078487805836, z=-0.8192413304322786, w=-0.5352445082290037),33014000000
-1.4967245006099543,-0.4126169090112957,geometry_msgs.msg.Quaternion(x=0.1753681956316909, y=-0.11895387617871821, z=-0.8238368048547118, w=-0.525727011166178),33048000000
-1.4955076098820812,-0.4134904218040298,geometry_msgs.msg.Quaternion(x=0.1820101090312019, y=-0.1196322392787267, z=-0.828290464581451, w=-0.5162318798941534),33082000000
-1.494283986484507,-0.4143465122781013,geometry_msgs.msg.Quaternion(x=0.18867873184271824, y=-0.11984344715935809, z=-0.8326062152289763, w=-0.5067590893958052),33116000000
-1.4930532799518206,-0.41518630318066446,geometry_msgs.msg.Quaternion(x=0.19537029069913947, y=-0.11959063722813998, z=-0.8367860861356122, w=-0.4973103407826394),33150000000
-1.4918158101238463,-0.41601023740004117,geometry_msgs.msg.Quaternion(x=0.20208076847179451, y=-0.1188774367854264, z=-0.8408285671507715, w=-0.4878922408691867),33184000000
-1.4909097873690462,-0.4163643444884203,geometry_msgs.msg.Quaternion(x=0.20877572464559435, y=-0.11772964970452893, z=-0.844727728606278, w=-0.47852637430222633),33218000000
-1.4912239482244884,-0.4145804221355734,geometry_msgs.msg.Quaternion(x=0.21511505282275065, y=-0.11664782130248466, z=-0.848533764962663, w=-0.4691580219422203),33252000000
-1.4915628423021414,-0.41279648201712577,geometry_msgs.msg.Quaternion(x=0.22106306312129298, y=-0.11584129305944359, z=-0.8523125209809428, w=-0.45964691179736794),33286000000
-1.491925294495312,-0.4110122100412051,geometry_msgs.msg.Quaternion(x=0.2266253528188453, y=-0.11531489868158808, z=-0.8560681076543983, w=-0.44998979839414843),33320000000
-1.492310225599986,-0.4092280311903097,geometry_msgs.msg.Quaternion(x=0.23180709739674743, y=-0.11507451310650334, z=-0.8598024179411289, w=-0.4401853338451704),33354000000
-1.4927166929730373,-0.40744494175105367,geometry_msgs.msg.Quaternion(x=0.23661269997570678, y=-0.11512669427041514, z=-0.8635150697828464, w=-0.43023481813365433),33388000000
-1.4931439980073622,-0.4056640862550517,geometry_msgs.msg.Quaternion(x=0.24104720743265776, y=-0.11547663956471023, z=-0.8672045760041395, w=-0.4201399919803401),33422000000
-1.4930563326747048,-0.40450183805725903,geometry_msgs.msg.Quaternion(x=0.24514984546707308, y=-0.11609746828666677, z=-0.8708457006747624, w=-0.40993986966527013),33456000000
-1.4916292603466073,-0.4050301468151485,geometry_msgs.msg.Quaternion(x=0.24920559476611806, y=-0.1164699631408548, z=-0.874335315581565, w=-0.3998363104448098),33490000000
-1.490202150240432,-0.40554046179533665,geometry_msgs.msg.Quaternion(x=0.2532543428170973, y=-0.11639471392251653, z=-0.8777026925227214, w=-0.3898108412468035),33524000000
-1.4887751565877614,-0.4060341284729378,geometry_msgs.msg.Quaternion(x=0.2572933211900669, y=-0.11587428659313533, z=-0.8809508148935478, w=-0.37986702715017406),33558000000
-1.4873485015033179,-0.4065122275805421,geometry_msgs.msg.Quaternion(x=0.26131995549791764, y=-0.11491043599411631, z=-0.8840819743209603, w=-0.3700088312986074),33592000000
-1.4859220952798176,-0.40697580164233677,geometry_msgs.msg.Quaternion(x=0.26533186052122276, y=-0.11350395476503386, z=-0.8870985827862793, w=-0.36023875480522377),33626000000
-1.4844955835579434,-0.4074257638070531,geometry_msgs.msg.Quaternion(x=0.2693262980470901, y=-0.1116559038104541, z=-0.8900030219507616, w=-0.35055801979562934),33660000000
-1.4830687273136267,-0.40786275929145005,geometry_msgs.msg.Quaternion(x=0.2732999700795841, y=-0.10936827715674753, z=-0.8927967034077728, w=-0.3409688441639159),33694000000
-1.4816415861328829,-0.40828720063758306,geometry_msgs.msg.Quaternion(x=0.2772495185988641, y=-0.10664284779529272, z=-0.895479706908593, w=-0.3314756430957008),33728000000
-1.480214164875334,-0.40869944704981415,geometry_msgs.msg.Quaternion(x=0.28117205921450644, y=-0.10347957052480997, z=-0.898051676602719, w=-0.322082967187215),33762000000
-1.478785900080652,-0.40909987803411724,geometry_msgs.msg.Quaternion(x=0.28506494835032764, y=-0.09987687014597936, z=-0.9005129542582416, w=-0.3127922717155306),33796000000
-1.4785472445481518,-0.4085350285360473,geometry_msgs.msg.Quaternion(x=0.2888317836445503, y=-0.09597560835860505, z=-0.9028749395097145, w=-0.3036144380002907),33830000000
-1.4794542315349961,-0.4071349734103398,geometry_msgs.msg.Quaternion(x=0.2922795837499064, y=-0.09236009562880548, z=-0.9052072878654366, w=-0.29435017182553136),33864000000
-1.4803754961143225,-0.4057401227295602,geometry_msgs.msg.Quaternion(x=0.29543348749869114, y=-0.08909538248810295, z=-0.9075227293466476, w=-0.2849272942399004),33898000000
-1.481310175761735,-0.40435086789740843,geometry_msgs.msg.Quaternion(x=0.29829852278418717, y=-0.08618569739664789, z=-0.9098198136459564, w=-0.27535054669686476),33932000000
-1.4822577037694564,-0.4029675337885434,geometry_msgs.msg.Quaternion(x=0.3008800378450199, y=-0.0836332268339249, z=-0.9120970148022828, w=-0.2656232704122304),33966000000
-1.483218076341213,-0.4015899541970105,geometry_msgs.msg.Quaternion(x=0.3031834437392332, y=-0.08143860812023043, z=-0.9143535741385515, w=-0.25574419643447477),34000000000
-1.4841917025917972,-0.40021767056131013,geometry_msgs.msg.Quaternion(x=0.30521354630374253, y=-0.07960311897423161, z=-0.916588968666044, w=-0.24570856135264282),34034000000
-1.4851789727046283,-0.39885054667604775,geometry_msgs.msg.Quaternion(x=0.30697413691516234, y=-0.07813059294584292, z=-0.9188015846058835, w=-0.23551250038339733),34068000000
-1.4845403995619786,-0.39844597803852244,geometry_msgs.msg.Quaternion(x=0.30855883269144696, y=-0.07684780293245518, z=-0.9209387945079031, w=-0.2252944711325083),34102000000
-1.4829827232785757,-0.39846142711448845,geometry_msgs.msg.Quaternion(x=0.31009152221471625, y=-0.07518555036364172, z=-0.9229669658526911, w=-0.21522630139403023),34136000000
-1.4814299913992723,-0.3984643482881368,geometry_msgs.msg.Quaternion(x=0.31155577957657193, y=-0.07309910720530877, z=-0.9249037191161237, w=-0.20528669490101834),34170000000
-1.4798816878423535,-0.398455581851871,geometry_msgs.msg.Quaternion(x=0.3129489643926555, y=-0.07058680496125525, z=-0.9267522803311474, w=-0.19547547046098776),34204000000
-1.4783368344181,-0.3984356622109209,geometry_msgs.msg.Quaternion(x=0.3142677966937907, y=-0.06764807880309345, z=-0.9285159185512762, w=-0.18578933874784234),34238000000
-1.476794762050338,-0.398404800572942,geometry_msgs.msg.Quaternion(x=0.3155081932280222, y=-0.06428495694816322, z=-0.9301968797946724, w=-0.17622652790206586),34272000000
-1.4752554290619573,-0.39836304303306413,geometry_msgs.msg.Quaternion(x=0.3166657643142566, y=-0.060500319994943784, z=-0.9317960500530067, w=-0.166789166606802),34306000000
-1.4737190134734373,-0.3983103841246675,geometry_msgs.msg.Quaternion(x=0.31773627004193805, y=-0.056295387948995704, z=-0.9333135421020994, w=-0.15748118657268695),34340000000
-1.4721853476377802,-0.39824670039643656,geometry_msgs.msg.Quaternion(x=0.31871555543687224, y=-0.0516693607548981, z=-0.9347493715576837, w=-0.14830470071532362),34374000000
-1.4716655477955645,-0.3978213594035807,geometry_msgs.msg.Quaternion(x=0.3195535960026547, y=-0.046721295212740585, z=-0.9361127751286531, w=-0.1392676994006426),34408000000
-1.4728792869873792,-0.39689772662549744,geometry_msgs.msg.Quaternion(x=0.32013600811711845, y=-0.04207039309345699, z=-0.9374415275430878, w=-0.13017834216750568),34442000000
-1.4741010843050617,-0.3959802395946665,geometry_msgs.msg.Quaternion(x=0.32050290278961985, y=-0.03781354501831928, z=-0.938735115877181, w=-0.12093141583406082),34476000000
-1.4753309376381507,-0.3950685853797346,geometry_msgs.msg.Quaternion(x=0.3206585707134967, y=-0.03395280902467539, z=-0.9399928254895503, w=-0.11152925990736036),34510000000
-1.4765690522077677,-0.3941626196182135,geometry_msgs.msg.Quaternion(x=0.32060709645491525, y=-0.030489679490377734, z=-0.9412135515530164, w=-0.10197313136449362),34544000000
-1.4778158765138172,-0.39326223286787754,geometry_msgs.msg.Quaternion(x=0.3203522585363901, y=-0.027425836815783318, z=-0.9423957887729706, w=-0.09226283774390634),34578000000
-1.4790718605317057,-0.3923675175354643,geometry_msgs.msg.Quaternion(x=0.3198974713529819, y=-0.02476405317913936, z=-0.9435374092102101, w=-0.08239846426356086),34612000000
-1.4803372575544673,-0.3914789184414666,geometry_msgs.msg.Quaternion(x=0.3192458577758261, y=-0.022508031989477623, z=-0.9446355451914973, w=-0.07238202504559084),34646000000
-1.4816122573948254,-0.3905971680400787,geometry_msgs.msg.Quaternion(x=0.31840037285002165, y=-0.02066104581543333, z=-0.9456867368064045, w=-0.062216714661208726),34680000000
-1.4807564039612118,-0.39002284931393205,geometry_msgs.msg.Quaternion(x=0.3174315694649687, y=-0.01894983953333659, z=-0.9466598040599552, w=-0.05208951589173089),34714000000
-1.4792205421561542,-0.38950402370437304,geometry_msgs.msg.Quaternion(x=0.31633786227085037, y=-0.016843055454651517, z=-0.9475611909128714, w=-0.04212431426908813),34748000000
-1.4776909819508517,-0.3889743990372643,geometry_msgs.msg.Quaternion(x=0.3150994250503653, y=-0.01432612424891115, z=-0.9484008946768768, w=-0.032293303842029504),34782000000
-1.4761675488678385,-0.3884340191857742,geometry_msgs.msg.Quaternion(x=0.3137113513996403, y=-0.011401943739263223, z=-0.9491810410671335, w=-0.02259502070569203),34816000000
-1.474650781105624,-0.3878829566787102,geometry_msgs.msg.Quaternion(x=0.312168981919977, y=-0.008075061947305505, z=-0.9499028815231428, w=-0.013032105571322755),34850000000
-1.4731413216443092,-0.3873213587841695,geometry_msgs.msg.Quaternion(x=0.31046722124797455, y=-0.004346219122815844, z=-0.9505672994293975, w=-0.003608900857546774),34884000000
-1.4716392514016499,-0.3867489927117189,geometry_msgs.msg.Quaternion(x=0.3086008968390924, y=-0.00021402400214676724, z=-0.9511746652020602, w=0.005674234889677874),34918000000
-1.4701440588779917,-0.38616507893713026,geometry_msgs.msg.Quaternion(x=0.30656423684592343, y=0.004323383440197654, z=-0.9517247469634046, w=0.01482170908326376),34952000000
-1.4706324733236162,-0.3856528047963702,geometry_msgs.msg.Quaternion(x=0.30430219071612913, y=0.008966871991056297, z=-0.9522345369606632, w=0.02385704406190714),34986000000
-1.4719560422993299,-0.3851705610882927,geometry_msgs.msg.Quaternion(x=0.30185768911870287, y=0.013187484233050849, z=-0.9526903168101964, w=0.03300281860094787),35020000000
-1.4732851571804069,-0.38469422679293547,geometry_msgs.msg.Quaternion(x=0.2992567226825094, y=0.0169787262880973, z=-0.9530838576839932, w=0.042288260843350335),35054000000
-1.4746197614678442,-0.38422410701076254,geometry_msgs.msg.Quaternion(x=0.29650237414444996, y=0.02033919774105737, z=-0.953414422869081, w=0.05170684120280466),35088000000
-1.475960360909977,-0.3837604963739223,geometry_msgs.msg.Quaternion(x=0.29359734456872866, y=0.023269013806070604, z=-0.9536807180925295, w=0.061255531972231006),35122000000
-1.4773079989953692,-0.3833036730230705,geometry_msgs.msg.Quaternion(x=0.2905440196178319, y=0.02576810159058646, z=-0.9538807102182324, w=0.07093495808337992),35156000000
-1.478663742325397,-0.382854065393975,geometry_msgs.msg.Quaternion(x=0.2873446451716531, y=0.02783459854875701, z=-0.9540117171130119, w=0.08074610594876462),35190000000
-1.480028224826754,-0.3824124036174897,geometry_msgs.msg.Quaternion(x=0.284001440864741, y=0.029464823624708675, z=-0.9540706692066682, w=0.0906871761334336),35224000000
-1.4814016811788437,-0.38197972692023086,geometry_msgs.msg.Quaternion(x=0.28051653520906217, y=0.030654749777094023, z=-0.9540542320140676, w=0.1007535714823789),35258000000
-1.4819159561793454,-0.3813220260499847,geometry_msgs.msg.Quaternion(x=0.27690407256201266, y=0.0314676786411264, z=-0.953959543617824, w=0.11088331227007642),35292000000
-1.48058072294912,-0.38028157525204187,geometry_msgs.msg.Quaternion(x=0.27311940861671014, y=0.032508001792752615, z=-0.9538049612400595, w=0.12085162129714802),35326000000
-1.4792569954288572,-0.37923080743004706,geometry_msgs.msg.Quaternion(x=0.26909660392585644, y=0.03392955716199108, z=-0.9536014430302455, w=0.13069082124233308),35360000000
-1.477945058210602,-0.37816963900298417,geometry_msgs.msg.Quaternion(x=0.26482999761739306, y=0.03572970055820097, z=-0.9533494910318351, w=0.14040373502629364),35394000000
-1.4766456541103663,-0.3770979943475715,geometry_msgs.msg.Quaternion(x=0.2603137225643161, y=0.0379055494104733, z=-0.9530490560227993, w=0.1499914396979012),35428000000
-1.4753596695978213,-0.3760156765298282,geometry_msgs.msg.Quaternion(x=0.25554152280484216, y=0.04045512179276861, z=-0.9526993893842033, w=0.15945465408786536),35462000000
-1.4740879889890393,-0.3749221719448729,geometry_msgs.msg.Quaternion(x=0.2505067965854877, y=0.043376916757571535, z=-0.9522987474578827, w=0.16879538959115933),35496000000
-1.4736930384379625,-0.37419350101540805,geometry_msgs.msg.Quaternion(x=0.2451932213538644, y=0.046577851943809145, z=-0.9518536397793731, w=0.17800403464296757),35530000000
-1.475019560894264,-0.3740760700865335,geometry_msgs.msg.Quaternion(x=0.23968945562589727, y=0.049429190406963405, z=-0.9513447904024167, w=0.1872132734921727),35564000000
-1.4763508464729054,-0.37396734845262936,geometry_msgs.msg.Quaternion(x=0.2340666982965925, y=0.05182050659892812, z=-0.9507403778493445, w=0.19652010017107147),35598000000
-1.4776872487930819,-0.3738680036341195,geometry_msgs.msg.Quaternion(x=0.22832677741365007, y=0.05375057479408879, z=-0.9500397153534383, w=0.20591818199557005),35632000000
-1.4790294260835748,-0.3737788428767785,geometry_msgs.msg.Quaternion(x=0.22247111298141511, y=0.05521894618516093, z=-0.949241144446476, w=0.21540362476280464),35666000000
-1.4803784396901631,-0.3737008287946864,geometry_msgs.msg.Quaternion(x=0.2165010042002513, y=0.056224656697553145, z=-0.9483418497427246, w=0.22497519682416717),35700000000
-1.4817352829167616,-0.3736350910473902,geometry_msgs.msg.Quaternion(x=0.21041799524439253, y=0.05676500050466287, z=-0.9473384135270986, w=0.23463148179857732),35734000000
-1.483100370845723,-0.37358293169034573,geometry_msgs.msg.Quaternion(x=0.20422395398663454, y=0.056835673202407413, z=-0.9462276297904533, w=0.2443676645770365),35768000000
-1.484473528460677,-0.3735458282395941,geometry_msgs.msg.Quaternion(x=0.19792072414501874, y=0.05643238183456124, z=-0.9450067052234027, w=0.254175333809555),35802000000
-1.4858544749158902,-0.3735253126978336,geometry_msgs.msg.Quaternion(x=0.19150964238946772, y=0.05555253389524501, z=-0.943672517315096, w=0.26404574019261406),35836000000
-1.4872434371815455,-0.37352315334395964,geometry_msgs.msg.Quaternion(x=0.18499144903511708, y=0.05419556849961451, z=-0.9422205899538314, w=0.2739732906798493),35870000000
-1.486960813551462,-0.3724091747962738,geometry_msgs.msg.Quaternion(x=0.17832632365849704, y=0.052633784102165, z=-0.9406774158951595, w=0.2838228431369413),35904000000
-1.4860677520642689,-0.3709392333963495,geometry_msgs.msg.Quaternion(x=0.17133125905391436, y=0.051391777282190944, z=-0.9390616591526117, w=0.2935433276508296),35938000000
-1.4851966551711606,-0.3694620497081514,geometry_msgs.msg.Quaternion(x=0.16398156806671252, y=0.05047669953467947, z=-0.9373661821585, w=0.3031613245189196),35972000000
-1.4843497182395384,-0.3679787202805915,geometry_msgs.msg.Quaternion(x=0.156272247740626, y=0.049881952347286415, z=-0.9355881380812224, w=0.3126749291162101),36006000000
-1.4835292752186635,-0.3664903777506494,geometry_msgs.msg.Quaternion(x=0.14819620431289054, y=0.04960475447815963, z=-0.9337241853258366, w=0.3220813547817018),36040000000
-1.482442873458614,-0.3658173051035214,geometry_msgs.msg.Quaternion(x=0.13979383965221695, y=0.04966361464975681, z=-0.9317728852770784, w=0.33134649241789094),36074000000
-1.49023028988818,-0.37297237565656877,geometry_msgs.msg.Quaternion(x=0.13111565882728085, y=0.04945400029952046, z=-0.929936292987948, w=0.3399727589800344),36108000000
-1.5027239152885625,-0.3836266550696292,geometry_msgs.msg.Quaternion(x=0.12224708962897178, y=0.04870639551476693, z=-0.9279875946163881, w=0.3486005742268583),36142000000
-1.515181462798823,-0.3946307846845942,geometry_msgs.msg.Quaternion(x=0.11322358363435517, y=0.04774503791435364, z=-0.9251567625659907, w=0.3591459259715559),36176000000
-1.527484423709428,-0.40600494115771246,geometry_msgs.msg.Quaternion(x=0.10411727918430866, y=0.046617671919221705, z=-0.9217138416881694, w=0.3707154958732164),36210000000
-1.5395240204537262,-0.4177052686855699,geometry_msgs.msg.Quaternion(x=0.09499022781944431, y=0.04532886590358644, z=-0.9181188154063542, w=0.3820732800544129),36244000000
-1.5512451593014942,-0.42968752004977534,geometry_msgs.msg.Quaternion(x=0.08583719218396434, y=0.043908291185300756, z=-0.9143607295039509, w=0.3932537282012252),36278000000
-1.5626763303046671,-0.4419587325255305,geometry_msgs.msg.Quaternion(x=0.07667780165519872, y=0.042322480111908464, z=-0.9103769546888792, w=0.40440465227529887),36312000000
-1.573818379200211,-0.45452182961156173,geometry_msgs.msg.Quaternion(x=0.06755939711949033, y=0.04047306000010945, z=-0.906100122487245, w=0.4156684102787678),36346000000
-1.584651402725988,-0.46735882356485575,geometry_msgs.msg.Quaternion(x=0.058541734264324415, y=0.03824031714624388, z=-0.9015832717827367, w=0.4269170265232059),36380000000
-1.5951641280600446,-0.48045322087439474,geometry_msgs.msg.Quaternion(x=0.049670104067122946, y=0.035541628801333595, z=-0.8968596469973231, w=0.43807812884455505),36414000000
-1.6053507059508394,-0.49379375669877873,geometry_msgs.msg.Quaternion(x=0.04096464459251375, y=0.032351630532088685, z=-0.8919404767809443, w=0.44912966476854554),36448000000
-1.6152065429387008,-0.5073712640947013,geometry_msgs.msg.Quaternion(x=0.03243127625529809, y=0.02867618570707105, z=-0.8868284931115413, w=0.4600664218341294),36482000000
-1.6247276602598488,-0.5211773235855819,geometry_msgs.msg.Quaternion(x=0.024076814565803895, y=0.024518643713846832, z=-0.881526908648927, w=0.4708815694404101),36516000000
-1.6339138526912298,-0.5352108370785834,geometry_msgs.msg.Quaternion(x=0.015896399238500655, y=0.01990264870892244, z=-0.8760293105763753, w=0.48158471329216834),36550000000
-1.6427601115192623,-0.5494702300088177,geometry_msgs.msg.Quaternion(x=0.00784828894724102, y=0.014919872238903068, z=-0.8702971642950894, w=0.4922384052396781),36584000000
-1.651262211686523,-0.5639621026876002,geometry_msgs.msg.Quaternion(x=-0.0001078248595782338, y=0.009654968759285192, z=-0.8642842013387012, w=0.5029111146797022),36618000000
-1.6593978944901615,-0.578671361832511,geometry_msgs.msg.Quaternion(x=-0.007977648328572, y=0.004197479538935141, z=-0.8579966885203583, w=0.5135761100175563),36652000000
-1.6670569301447964,-0.5934562905181431,geometry_msgs.msg.Quaternion(x=-0.015599936300955151, y=-0.00139358315850993, z=-0.8516983399173362, w=0.523798279584269),36686000000
-1.6743014648784602,-0.6083029791973822,geometry_msgs.msg.Quaternion(x=-0.022931384371691635, y=-0.007075763948326162, z=-0.8454961645838487, w=0.5334419564013939),36720000000
-1.6808850490495604,-0.6230051856403981,geometry_msgs.msg.Quaternion(x=-0.02996306603691057, y=-0.012836649870382244, z=-0.8394080893171799, w=0.5425232664897003),36754000000
-1.6839019650474556,-0.6345891776277709,geometry_msgs.msg.Quaternion(x=-0.03660427544329752, y=-0.018674870961020766, z=-0.833355157021538, w=0.5512082714178628),36788000000
-1.6842325550712833,-0.6431568869004359,geometry_msgs.msg.Quaternion(x=-0.042874749636516114, y=-0.02443287843464413, z=-0.82741164486773, w=0.5594235964207099),36822000000
-1.680795935916903,-0.6447543899522421,geometry_msgs.msg.Quaternion(x=-0.04840373518304252, y=-0.030051047746611017, z=-0.821515178266603, w=0.5673330810267034),36856000000
-1.677312051797871,-0.6433164718734469,geometry_msgs.msg.Quaternion(x=-0.05346657661754598, y=-0.035508542580711976, z=-0.8154747777356834, w=0.5752228746021245),36890000000
-1.677872775677036,-0.6463024616298381,geometry_msgs.msg.Quaternion(x=-0.05812742682680366, y=-0.0409056474570899, z=-0.8093800172392028, w=0.5829681963456314),36924000000
-1.677202306895005,-0.6492786397571785,geometry_msgs.msg.Quaternion(x=-0.062173069189933414, y=-0.046217546458437994, z=-0.8032069744424138, w=0.59064118047587),36958000000
-1.6761879269920346,-0.6508395576296849,geometry_msgs.msg.Quaternion(x=-0.06589959485115096, y=-0.05111865481143743, z=-0.797008592887254, w=0.5981817695254535),36992000000
-1.6755574206887165,-0.6528552662750594,geometry_msgs.msg.Quaternion(x=-0.06941033024378053, y=-0.055524419167742436, z=-0.7908354185506008, w=0.6055399125552584),37026000000
-1.6747837352341222,-0.6547819686766031,geometry_msgs.msg.Quaternion(x=-0.07270290828397584, y=-0.0594184346345707, z=-0.7847219582922957, w=0.6126950178731123),37060000000
-1.6739108333383363,-0.6565358937905689,geometry_msgs.msg.Quaternion(x=-0.07578242535582295, y=-0.0627916366089933, z=-0.7786679058296274, w=0.6196696916987755),37094000000
-1.67295629073291,-0.6581120077932837,geometry_msgs.msg.Quaternion(x=-0.07865436457424556, y=-0.06564502930646006, z=-0.7726738389837322, w=0.6264817312666965),37128000000
-1.671908482005956,-0.6595159588507066,geometry_msgs.msg.Quaternion(x=-0.08132435062988212, y=-0.06798028271866617, z=-0.766742195999698, w=0.6331440878896991),37162000000
-1.6707556126797773,-0.6607408149093215,geometry_msgs.msg.Quaternion(x=-0.0837964568227128, y=-0.06979788874022651, z=-0.7608768272805989, w=0.6396662115969358),37196000000
-1.669473721062205,-0.6625260161278999,geometry_msgs.msg.Quaternion(x=-0.08575608052361633, y=-0.07144801136218298, z=-0.7550127095494515, w=0.6461399885043583),37230000000
-1.6681939160504138,-0.6632169406965164,geometry_msgs.msg.Quaternion(x=-0.08713612396672593, y=-0.07299582940060793, z=-0.7491669822422762, w=0.6525547774004676),37264000000
-1.666937568314826,-0.6640026969349861,geometry_msgs.msg.Quaternion(x=-0.08798903879738239, y=-0.07445443314320459, z=-0.7433567922408644, w=0.6588893274793644),37298000000
-1.665601195204998,-0.6649735509800573,geometry_msgs.msg.Quaternion(x=-0.08824946409000979, y=-0.07582176903623938, z=-0.7375931075533023, w=0.6651462238620197),37332000000
-1.6643018539061012,-0.6659151883332411,geometry_msgs.msg.Quaternion(x=-0.08797516055127466, y=-0.0770944570768574, z=-0.7318619417164013, w=0.6713381518140474),37366000000
-1.6629486486536926,-0.6669528372561404,geometry_msgs.msg.Quaternion(x=-0.08713577278309342, y=-0.07826210925158557, z=-0.7261690671594163, w=0.677466519658211),37400000000
-1.661602474528438,-0.668003625158352,geometry_msgs.msg.Quaternion(x=-0.08574851929635646, y=-0.07932281934676857, z=-0.7205058165605939, w=0.6835396477686677),37434000000
-1.6602568809921214,-0.66906955640655,geometry_msgs.msg.Quaternion(x=-0.08384570445289401, y=-0.08026488429439488, z=-0.7148645850660462, w=0.6895622315733039),37468000000
-1.6588455641624038,-0.6698014197685678,geometry_msgs.msg.Quaternion(x=-0.08141173129324687, y=-0.0810106314085524, z=-0.7092591977380531, w=0.6955291496627566),37502000000
-1.6574589208165744,-0.6700970451718623,geometry_msgs.msg.Quaternion(x=-0.07881645769195261, y=-0.08122914610785635, z=-0.703706188802187, w=0.7014181289794141),37536000000
-1.6560657136260633,-0.6707705462658514,geometry_msgs.msg.Quaternion(x=-0.07609610099233831, y=-0.08092991836874344, z=-0.6982180978242867, w=0.7072137015055827),37570000000
-1.6546382434879405,-0.6712331373528784,geometry_msgs.msg.Quaternion(x=-0.07323801910415147, y=-0.08005353753608924, z=-0.6928099645523221, w=0.7129109177889393),37604000000
-1.6532153636794442,-0.671463490212206,geometry_msgs.msg.Quaternion(x=-0.07025056772079638, y=-0.07862177899110641, z=-0.6874728587303668, w=0.7185155127847114),37638000000
-1.651796247855405,-0.6716445796117131,geometry_msgs.msg.Quaternion(x=-0.06713123266523577, y=-0.07666901092411225, z=-0.6821873218975982, w=0.724041240681045),37672000000
-1.6503675192534428,-0.6715166810859722,geometry_msgs.msg.Quaternion(x=-0.06386592962787281, y=-0.0741883277638022, z=-0.6769217211839625, w=0.7295164278107245),37706000000
-1.6489303525262156,-0.6712053976971863,geometry_msgs.msg.Quaternion(x=-0.0604547735504667, y=-0.07118161036447312, z=-0.6716550153368929, w=0.7349543789063921),37740000000
-1.6474868350457925,-0.6708063467210233,geometry_msgs.msg.Quaternion(x=-0.056895466003187845, y=-0.06764862468135191, z=-0.6663740906388025, w=0.7403594673213213),37774000000
-1.6460389612882402,-0.6703508137347762,geometry_msgs.msg.Quaternion(x=-0.053183547659130026, y=-0.06359941737133802, z=-0.6610674908487271, w=0.7457321214158495),37808000000
-1.6445894029463544,-0.6698309921835406,geometry_msgs.msg.Quaternion(x=-0.04930872989870089, y=-0.059054044312185784, z=-0.6557255819826568, w=0.7510693910283238),37842000000
-1.6431446024656426,-0.669237521299071,geometry_msgs.msg.Quaternion(x=-0.04526021021342101, y=-0.05406033999563721, z=-0.6503418189447341, w=0.756362685186576),37876000000
-1.641687007020741,-0.6687373141360708,geometry_msgs.msg.Quaternion(x=-0.0410560426471551, y=-0.04859422432748438, z=-0.6449130475994637, w=0.7616036789302799),37910000000
-1.6402383965357363,-0.6683873365171257,geometry_msgs.msg.Quaternion(x=-0.03634730386837706, y=-0.042852492246132766, z=-0.6394813229089216, w=0.7667503994524232),37944000000
-1.6387887815971665,-0.6677366465970179,geometry_msgs.msg.Quaternion(x=-0.031318695066243976, y=-0.03688526522638356, z=-0.6340117780317037, w=0.7718080602491819),37978000000
-1.6363115112856126,-0.6797674895993607,geometry_msgs.msg.Quaternion(x=-0.026219885539329354, y=-0.030954290465051475, z=-0.6289244116692382, w=0.7764073891396273),38012000000
-1.633619451620305,-0.6923462376908593,geometry_msgs.msg.Quaternion(x=-0.020822705655680927, y=-0.025167835313542143, z=-0.6238355898030811, w=0.7808726860954026),38046000000
-1.630541770139155,-0.7072209828774266,geometry_msgs.msg.Quaternion(x=-0.015236151729180738, y=-0.019574486197051606, z=-0.618276515600372, w=0.785569124538172),38080000000
-1.626354444772387,-0.7238321934093642,geometry_msgs.msg.Quaternion(x=-0.009613229320145468, y=-0.014100804793263026, z=-0.6095285409404884, w=0.7925804128952341),38114000000
-1.6216970535218613,-0.7403158860019529,geometry_msgs.msg.Quaternion(x=-0.003991612159616904, y=-0.008659487768805962, z=-0.5984318936915313, w=0.8011169383533946),38148000000
-1.6166207596608644,-0.756609651280603,geometry_msgs.msg.Quaternion(x=0.0015203612888814906, y=-0.003188776186255385, z=-0.5886706702774521, w=0.8083652405707958),38182000000
-1.6111864333632266,-0.7728873365338491,geometry_msgs.msg.Quaternion(x=0.006945312603894405, y=0.002297171684931393, z=-0.579433983264599, w=0.8149863463109086),38216000000
-1.605397397254359,-0.7890571112968611,geometry_msgs.msg.Quaternion(x=0.012275315324512434, y=0.007778306500930946, z=-0.5699435334014954, w=0.8215553440368335),38250000000
-1.5992545494820565,-0.8050739653973299,geometry_msgs.msg.Quaternion(x=0.017503791221167544, y=0.013249141473565946, z=-0.5602463963669957, w=0.8280350553574977),38284000000
-1.5927558612082566,-0.8209274552029854,geometry_msgs.msg.Quaternion(x=0.022531690574341408, y=0.018774281877256608, z=-0.5502983908682944, w=0.8344528328597258),38318000000
-1.5858932870457438,-0.8366164431467156,geometry_msgs.msg.Quaternion(x=0.027219953220757178, y=0.0244415176663757, z=-0.5402112130493656, w=0.840733924411616),38352000000
-1.5786622416211886,-0.8521457105169185,geometry_msgs.msg.Quaternion(x=0.03148325898792555, y=0.030298122196926843, z=-0.5300639640585039, w=0.8468311651099197),38386000000
-1.5710666106991693,-0.8675090046022866,geometry_msgs.msg.Quaternion(x=0.035313659060211576, y=0.0363423757468166, z=-0.5198742991169256, w=0.8527384653729078),38420000000
-1.5631116274935157,-0.8826984816418115,geometry_msgs.msg.Quaternion(x=0.03871235926310024, y=0.04256725199379708, z=-0.5096518005017112, w=0.8584546723871596),38454000000
-1.5548028618246867,-0.8977057503479516,geometry_msgs.msg.Quaternion(x=0.04167608656964175, y=0.04896801626042091, z=-0.4994021120677201, w=0.8639807681042785),38488000000
-1.5461463534716926,-0.9125219418559557,geometry_msgs.msg.Quaternion(x=0.04420207289448486, y=0.05553940072174576, z=-0.4891267647330718, w=0.8693195958570462),38522000000
-1.5371481917882637,-0.9271384846230226,geometry_msgs.msg.Quaternion(x=0.04629015870699046, y=0.062274694338291484, z=-0.47882781064372043, w=0.8744729906670047),38556000000
-1.527818467185697,-0.9415418429340967,geometry_msgs.msg.Quaternion(x=0.04795601899848077, y=0.0691578829083217, z=-0.4684878351073339, w=0.8794524181727511),38590000000
-1.5181829069590864,-0.9556981442178735,geometry_msgs.msg.Quaternion(x=0.04931007728512393, y=0.07612338085394177, z=-0.4579817371414106, w=0.8843226083338798),38624000000
-1.5082581865137439,-0.969584167127826,geometry_msgs.msg.Quaternion(x=0.05044373513690876, y=0.08311807051740663, z=-0.44713765613500694, w=0.8891651884801794),38658000000
-1.4980296077564872,-0.9832029919178423,geometry_msgs.msg.Quaternion(x=0.05137309398812782, y=0.09012742506095774, z=-0.4357366027011603, w=0.8940757605104948),38692000000
-1.4874474593474187,-0.9966045035887372,geometry_msgs.msg.Quaternion(x=0.05229426960107931, y=0.09705579570526748, z=-0.4244564028734373, w=0.8987114353042632),38726000000
-1.4765525526544248,-1.009741341950534,geometry_msgs.msg.Quaternion(x=0.053228106989416206, y=0.10387525469661357, z=-0.41372263872732035, w=0.902889959127102),38760000000
-1.465358142009676,-1.0226336715499866,geometry_msgs.msg.Quaternion(x=0.05393296930033078, y=0.11061372797644695, z=-0.4027830808389355, w=0.9069849104563416),38794000000
-1.4539161029512726,-1.035198348381508,geometry_msgs.msg.Quaternion(x=0.0542208824085443, y=0.1172810079160665, z=-0.391501497982577, w=0.9110608312129485),38828000000
-1.4477308435427731,-1.0423435503004979,geometry_msgs.msg.Quaternion(x=0.05412813861827036, y=0.12398912265452904, z=-0.3804155185377162, w=0.9148665888143265),38862000000
-1.449227195836422,-1.0419817317495959,geometry_msgs.msg.Quaternion(x=0.05369011289267316, y=0.13079640256110542, z=-0.369757503287652, w=0.9183077161916517),38896000000
-1.4493022074726691,-1.04709316536117,geometry_msgs.msg.Quaternion(x=0.05287480192517699, y=0.1373695011718785, z=-0.3598984223401516, w=0.921307224038883),38930000000
-1.4486062923508078,-1.049442934690633,geometry_msgs.msg.Quaternion(x=0.05233195662711608, y=0.143591320411128, z=-0.35002347149068586, w=0.9241896279572583),38964000000
-1.4478800583540654,-1.0510647450965558,geometry_msgs.msg.Quaternion(x=0.05212406867308493, y=0.14943031624315672, z=-0.34001315486191785, w=0.9270084770773561),38998000000
-1.447127016491985,-1.0526786540928563,geometry_msgs.msg.Quaternion(x=0.052244587153188166, y=0.15488617350527803, z=-0.3299004306842473, w=0.9297561412566383),39032000000
-1.4463487068904965,-1.0542839736590208,geometry_msgs.msg.Quaternion(x=0.05269768092271747, y=0.15996429812330593, z=-0.31968542730526717, w=0.9324353089195702),39066000000
-1.4455462998594815,-1.0558801413685266,geometry_msgs.msg.Quaternion(x=0.05348702670169991, y=0.16467071400442104, z=-0.30936670961344337, w=0.9350480912267761),39100000000
-1.4454671156165586,-1.0568795544296437,geometry_msgs.msg.Quaternion(x=0.05456501058562871, y=0.16904538813936015, z=-0.2989883595537471, w=0.9375778779493266),39134000000
-1.4470175110242482,-1.0567531318692671,geometry_msgs.msg.Quaternion(x=0.055346969082871275, y=0.1733026209318061, z=-0.28870423419408386, w=0.9399748825101201),39168000000
-1.4485649639043503,-1.0566494734337966,geometry_msgs.msg.Quaternion(x=0.05566578789359259, y=0.17745469928706112, z=-0.2784734693082364, w=0.9422651838259541),39202000000
-1.4501098701562587,-1.0565671708729878,geometry_msgs.msg.Quaternion(x=0.05552279049986075, y=0.18149934794858158, z=-0.2682980530363408, w=0.9444529428014172),39236000000
-1.4516527087539581,-1.0565050971886454,geometry_msgs.msg.Quaternion(x=0.054920264052255766, y=0.18543383975218777, z=-0.25817894858009344, w=0.9465419621872385),39270000000
-1.4531936336417974,-1.0564623843431433,geometry_msgs.msg.Quaternion(x=0.05386169411314898, y=0.18925501669771475, z=-0.24811906998853944, w=0.9485348615997365),39304000000
-1.4547323649889219,-1.0564383339772683,geometry_msgs.msg.Quaternion(x=0.052349984119557554, y=0.192959813391894, z=-0.23812410602642856, w=0.9504330064278921),39338000000
-1.4562687148440268,-1.05643233171512,geometry_msgs.msg.Quaternion(x=0.05038576200571655, y=0.19654559287151813, z=-0.22819946787280165, w=0.9522374219555),39372000000
-1.4578031718777662,-1.0564439015942961,geometry_msgs.msg.Quaternion(x=0.04796815609148847, y=0.20000980278241484, z=-0.21834656856031057, w=0.9539496374495143),39406000000
-1.4593367881739339,-1.0564728436668127,geometry_msgs.msg.Quaternion(x=0.04509746284866083, y=0.20334932860913002, z=-0.20856312303649102, w=0.9555713961332745),39440000000
-1.4594952733247073,-1.0571889847025746,geometry_msgs.msg.Quaternion(x=0.041939620811931755, y=0.20648472235482382, z=-0.19887244525271405, w=0.9571075583023095),39474000000
-1.4583622728095296,-1.0584021310691138,geometry_msgs.msg.Quaternion(x=0.039110234896291576, y=0.20929232287722394, z=-0.18913257494936955, w=0.9585906228437839),39508000000
-1.4572141477623088,-1.059602905620622,geometry_msgs.msg.Quaternion(x=0.03666705154315574, y=0.21180153398332333, z=-0.17928409068126167, w=0.9600275268772434),39542000000
-1.456051870125949,-1.0607910699501308,geometry_msgs.msg.Quaternion(x=0.03461095549702165, y=0.21401833036528495, z=-0.1693309337326773, w=0.9614183641414691),39576000000
-1.4548757793634788,-1.0619668384503758,geometry_msgs.msg.Quaternion(x=0.032943008914955406, y=0.21594767829390707, z=-0.15927182660774336, w=0.9627636489046172),39610000000
-1.4536856918622136,-1.063130600096785,geometry_msgs.msg.Quaternion(x=0.03166446119415599, y=0.2175946400236527, z=-0.14910232606395857, w=0.9640634994089227),39644000000
-1.4524814841666178,-1.06428241878318,geometry_msgs.msg.Quaternion(x=0.030779639935410316, y=0.21896319333023953, z=-0.13881913853219796, w=0.9653170362680072),39678000000
-1.4525728415600418,-1.064987828645117,geometry_msgs.msg.Quaternion(x=0.03017108511507019, y=0.2201021844616999, z=-0.12850670380454554, w=0.9665044030398712),39712000000
-1.454115181231796,-1.0653517463293216,geometry_msgs.msg.Quaternion(x=0.029219870922998444, y=0.2211023852156385, z=-0.11832539048656474, w=0.9676047934778955),39746000000
